V1,V2,V3,V5,V6,V7,V8,V9,V10,V11,V12,V13,,,,,,,,,,,,,,,,,,,,,,,,,,,,,,,,,,,,,,,,,,,,,,,,,,,,,,,,,,,,,,,,,,,,,,,,,,,,,,
 0.9674087,-1.1324338,-0.0035139, 1.2726293, 0.0631732, 1.0739411, 0.9774913, 1.2362645,-0.8348608,-0.6726446, 1.2946998,-0.8894403, 0.9201327,-0.5006428, 0.6978901, 1.0203880, 0.9989885, 1.7802653, 1.4230220, 1.4456596,-0.3842735,-0.6537034, 1.5432106,-0.3485951,-1.0115033,-0.8107118,-1.1123653,-0.8642190,-0.6905063,-0.8781041,-0.8834156,-0.8648757,-0.4184755,-0.8377547,-0.9207460,-0.2287889, 0.0505157, 0.0506087, 0.6484379, 0.4368739, 0.5046372,-0.6664067,-0.6108853, 0.5905863,-0.7117617, 1.2906560, 0.1291276, 1.1588863, 1.0264529, 1.2693812,-0.8245568,-0.6753643, 1.3291842,-0.8792706,-0.1408520, 0.6222827, 0.5206281, 0.6382456,-0.6376924,-0.7918787, 0.7553229,-0.6351591, 1.2387231, 1.3517346, 1.5423075,-0.5048112,-1.0121413, 1.6402263,-0.5206077, 0.9624828, 1.1462028,-0.6937599,-0.7672442, 1.2308760,-0.7632023, 1.2950758,-0.6766525,-0.7214949, 1.3776247,-0.7386385,-0.8538876,-0.4154518,-0.6454900,-0.7814002,-0.8183009,-0.7214840,-0.3505454, 1.3918490,-0.6854121,-0.7249077
 0.9674087,-1.0157414, 0.7098040, 1.2726293,-0.4117955, 0.7381721, 0.6959295, 1.2209358,-1.1241253,-1.4711643, 1.6387771,-1.2959879, 0.9201327,-0.3851274, 1.3667839, 1.0203880, 0.4986316, 1.4883108, 1.2553331, 1.4377409,-0.6891772,-1.7979565, 1.7395458,-0.8119544,-0.9651539,-0.5333702,-0.9933548,-0.9021184,-0.6387062,-0.8000561,-0.7531457,-0.9355295,-0.7719865,-0.6463648,-1.0262933, 0.5779333, 0.7821068, 0.1554409, 1.1442662, 1.0511541, 1.3172971,-0.8170747,-1.6359606, 1.6356294,-0.9804845, 1.2906560,-0.3652811, 0.8177608, 0.7556288, 1.2548248,-1.1261003,-1.4946396, 1.6598049,-1.3017409,-0.5499721,-0.0096561,-0.1000200, 0.0783437,-0.8954976,-1.3566477, 0.3201554,-0.9631521, 0.7378099, 0.8880200, 1.2108611,-0.9217831,-1.9979796, 1.5227602,-1.1535067, 0.6297542, 0.9485288,-1.1342098,-1.6826692, 1.2484065,-1.3609386, 1.2757848,-1.1090409,-1.7259871, 1.6020877,-1.3285498,-0.9325466,-0.4859074,-1.1185347,-0.8865972, 0.0002157,-1.8684168,-0.3804461, 1.8593842,-1.2682076,-0.8093154
 0.9674087,-0.8990490, 1.4231219, 1.2726293, 0.0631732,-1.8520464, 0.6959295, 1.1902784, 1.2894590,-1.4986995, 0.4918528,-0.5198517, 0.9201327,-0.2696119, 2.0356776, 1.0203880, 0.9989885,-0.7639101, 1.2553331, 1.4219035, 1.8548986,-1.8374135, 1.0850952, 0.0726407,-0.9116737,-0.2005603,-0.8743442,-0.6747218,-1.2385849,-0.6821537,-0.6262352, 0.0116269,-0.8499912,-0.7238692,-0.7224804, 1.6151476, 1.5136979, 1.0989309,-0.7341604, 1.7903727, 2.1153998, 2.3186766,-1.9939234, 1.6657851, 0.1075149, 1.2906560, 0.1291276,-1.8137791, 0.7556288, 1.2257120, 1.3899382,-1.5228905, 0.5577358,-0.4952068,-0.1408520,-1.1623591, 0.3842219, 0.6171849, 0.9533548,-1.5910801, 0.3409124,-0.3648352,-1.5857542,-1.2880899,-1.2783367,-0.4057047,-0.9928773,-1.3446038,-1.0895056, 0.6297542, 0.9315180, 2.1771015,-1.7148610, 0.5564524,-0.3095526, 1.2373494, 2.4606642,-1.7536119, 0.8051203,-0.2139077, 1.3860334,-1.8300144, 2.3737214, 0.0540363, 0.0457208,-1.6075039,-0.8458318, 0.4094757,-0.3477505,-0.5760203
 0.9674087,-0.4322793,-0.7168318, 0.7417860, 1.4880793, 0.9300401, 0.6959295, 0.8990328,-1.2176792,-0.8653908, 1.4476231,-1.2590290, 0.9201327, 0.1924499, 0.0289964, 0.9916257, 2.5000594, 1.6551419, 1.2553331, 1.2714485,-0.7877892,-0.9299024, 1.6304707,-0.7698308,-0.6264464,-0.6443069,-0.4128498, 0.3864621, 0.0514050,-0.2105441,-0.1763747,-0.9233855,-0.6574688, 0.0087648,-0.9557340,-0.8050191,-0.6959804, 0.1554409,-0.1715859,-0.4272830,-0.4078433,-1.0042144,-0.6434273,-0.2021684,-1.0722435, 0.7442644, 1.5720623, 0.9744651, 0.7066598, 0.8938643,-1.2255496,-0.8682280, 1.4198971,-1.2659428, 1.6320020, 1.8861601, 1.8369476, 2.0539909,-0.8429862,-1.2500875, 2.6133726,-0.7973535, 1.0184336, 1.0492133, 1.2059663,-1.0233405,-1.2572765, 1.5983470,-1.0849178, 0.6297542, 0.7699154,-1.2625609,-0.9744503, 1.1330808,-1.3108726, 0.8819749,-1.2625678,-0.9318606, 1.2635618,-1.2941205,-0.9463755,-0.3799141,-1.3017809,-0.8912774,-0.7094341,-0.9941532,-0.3211951, 1.5961967,-1.2225949,-0.8050778
 0.9674087,-0.3155869,-0.0035139, 1.0072076, 0.0631732, 1.3617432, 0.8367104, 1.1289635,-1.1343410,-0.4523634, 1.5240847,-1.4191841, 0.9201327, 0.3079653, 0.6978901, 1.0060069, 0.9989885, 2.0305121, 1.3391776, 1.3902288,-0.6999452,-0.3380474, 1.6741008,-0.9523663,-0.5373128,-0.2282945,-0.2871714,-0.2009790, 0.3755735,-0.0494662, 0.0143643,-0.8622233,-0.3620465, 0.1699727,-1.0426211,-0.2287889, 0.0393369, 0.0506087, 0.8200707, 0.3744047, 0.4609657,-0.8946625,-0.4156328, 0.6937952,-1.1345085, 1.0167609, 0.1165365, 1.4299334, 0.8658666, 1.1387362,-1.1381542,-0.4490695, 1.5211090,-1.4302187,-0.1408520, 0.7978212, 0.4524250, 0.5891041,-0.8619934,-0.5787583, 0.8737259,-1.0226234, 1.7045584, 1.5095225, 1.7487474,-0.8769795,-0.7096956, 2.0864885,-1.3000897, 0.7938395, 0.9904036,-1.1380019,-0.4933875, 1.2781373,-1.5245346, 1.1610659,-1.1302312,-0.4422139, 1.4636942,-1.5085250,-0.9343327,-0.3444960,-1.1467936,-0.8992003,-0.8735982,-0.4322673,-0.2613939, 1.7004379,-1.4644356,-0.8184777
 0.9674087,-0.1988945, 0.7098040, 0.7417860, 0.0631732, 0.8820731, 0.6959295, 1.0983061,-0.6493659,-0.0393359, 1.0143406,-1.1358328, 0.9201327, 0.4234808, 1.3667839, 0.9916257, 0.9989885, 1.6134342, 1.2553331, 1.3743914,-0.1887497, 0.2538077, 1.3832338,-0.6294189,-0.4410486, 0.2431862,-0.1772533,-0.1062304, 0.2853410, 0.0252607, 0.1352279,-0.5210462,-0.0168339, 0.1385035,-0.8507699, 0.5779333, 0.7522967, 0.5747698, 1.2586881, 1.0511541, 1.2507500,-0.3346094, 0.0562273, 1.2610194,-0.8100749, 0.7442644, 0.1039455, 0.9262293, 0.7066598, 1.0811697,-0.6391470,-0.0293354, 1.0078010,-1.1392256,-0.1408520, 0.5052570, 0.3842219, 0.5750636,-0.4987627,-0.1791576, 0.6106081,-0.8153751, 0.9468745, 1.0089150, 1.2778567,-0.3078146,-0.1510378, 1.2744019,-0.9151659, 0.6297542, 0.8804856,-0.4828647,-0.0086973, 0.8716759,-1.1439860, 1.1232177,-0.4255231, 0.0675937, 1.1037714,-1.1079046,-0.7748953,-0.2018827,-0.3885838,-0.8069525,-0.7785559, 0.0948216,-0.1872844, 1.0315308,-1.0776188,-0.7859897
 0.9674087,-0.0822021, 1.4231219, 0.4763643, 1.0131106, 0.4024030, 0.3439771, 0.5464724, 0.2926256, 0.3461563, 0.2369808,-0.8894403, 0.9201327, 0.5389962, 2.0356776, 0.9772446, 1.9997024, 1.1963562, 1.0457220, 1.0893188, 0.8041709, 0.8062057, 0.9396618,-0.3485951,-0.3376537, 0.7701352,-0.0685475, 0.5570096, 0.1616891, 0.0186183, 0.0834186, 0.1985982, 0.3532739,-0.0133890,-0.6583356, 1.6151476, 1.4578039, 2.1472531, 1.5066023, 1.5300845, 1.6786847, 1.0524101, 0.7314753, 1.4746575,-0.3840511, 0.4731665, 1.0650625, 0.4274893, 0.3488179, 0.5365450, 0.3238467, 0.3582628, 0.2462625,-0.8890516, 0.9501351, 0.9850623, 1.1139949, 1.3045429, 0.7135097, 0.4815156, 1.1454680,-0.4549432, 0.2827318, 0.4186296, 0.5494225, 0.6017830, 0.2313538, 0.3997633,-0.6811837, 0.2394819, 0.3647842, 0.6460724, 0.3807777, 0.2100542,-0.8689755, 0.4754166, 0.7171334, 0.4575111, 0.3035254,-0.8403889,-0.0294221, 0.2968829, 0.7570490,-0.5293630,-0.4559878, 0.4434485,-0.0111826, 0.1293889,-0.8579147,-0.7249077
 0.9674087, 0.2678752,-1.4301497,-0.1429529,-0.4117955, 1.2658092, 0.2031961,-0.0206900, 1.2894590, 0.2360157,-0.4384302,-0.5198517, 0.9201327, 0.8855426,-0.6398974, 0.9436886, 0.4986316, 1.9470965, 0.9618776, 0.7963275, 1.8548986, 0.6483777, 0.5542631, 0.0726407, 0.0153152,-0.8107118, 0.2575698,-0.0683310, 1.0339362, 0.2876351, 0.2121954, 1.3118444, 0.3682110, 0.0211628,-0.2559730,-1.1507572,-1.4325399,-1.1025458,-0.8390471,-1.2393823,-1.3078462,-0.4132900,-0.1797028,-1.3465979,-0.9411592,-0.1539562,-0.4190030, 1.2426164, 0.1639770,-0.0479209, 1.3138106, 0.2392638,-0.4368800,-0.5230280,-0.5499721, 0.2478005,-0.2909886,-0.3765668, 0.5506600,-0.0353013,-0.5376084,-0.5090080, 1.5455384, 0.9975634, 0.9219491, 2.5013009, 0.3035940, 0.6081281, 0.1033450, 0.0913493,-0.0026917, 1.8134712, 0.2402221,-0.2343076,-0.4411815,-0.1243023, 1.6584461, 0.2594124,-0.3513955,-0.4997134, 1.3860334, 0.5212453, 1.5968967, 0.0540363,-0.5711907, 0.2235021, 0.0787027,-0.5387758,-0.5905011,-0.5760203
 0.9674087, 0.3845676,-0.7168318, 0.2994165, 0.0631732, 0.7861391, 0.2735866, 0.5618011,-0.1783702,-0.5900392, 0.5810581,-0.8894403, 0.9201327, 1.0010580, 0.0289964, 0.9676572, 0.9989885, 1.5300186, 1.0037998, 1.0972375, 0.3077106,-0.5353324, 1.1359969,-0.3485951, 0.1472328,-0.2560286, 0.3925427, 0.3675124, 0.8568132, 0.4254646, 0.5598183, 0.0930205,-0.5396318, 0.5768712,-0.5417087,-0.8050191,-0.7084013,-0.4735524,-0.2287969,-0.5522214,-0.4993455,-0.4761253,-0.4807170,-0.4621019,-0.8756171, 0.2932116, 0.0829604, 0.7991449, 0.2672028, 0.5335409,-0.1639602,-0.5869184, 0.5559155,-0.8912251,-0.1408520, 0.4467441, 0.1796127, 0.3293557,-0.1460021,-0.7119586, 0.3869581,-0.6351591, 0.8065627, 0.6763119, 0.8850496, 0.2470746,-0.8763297, 0.9168561,-0.5894260, 0.1648459, 0.3306694, 0.0218126,-0.6334897, 0.3615718,-0.8807281, 0.4925548, 0.0994553,-0.5901106, 0.5199190,-0.8381278,-0.4740788,-0.4557591, 0.2241870,-0.6346490,-0.8476776,-0.5792713,-0.3230295, 0.5111242,-0.8017994,-0.7249077
 0.9674087, 0.5012601,-0.0035139,-0.0544790, 1.0131106,-0.4610031,-0.5007086, 0.5464724,-0.2208458,-0.7552501, 0.5683145,-0.7662441, 0.9201327, 1.1165735, 0.6978901, 0.9484823, 1.9997024, 0.4456159, 0.5426553, 1.0893188, 0.2629385,-0.7720744, 1.1287253,-0.2081832, 0.2862812, 0.3541229, 0.4931663, 1.2202496, 0.1115600, 0.1680721, 0.6709396, 0.1109635,-0.7504107, 0.6874708,-0.3959252,-0.2287889,-0.0053783, 0.6796020,-0.2669375,-0.2190524, 0.2238918,-0.1984209,-0.6841049, 0.2637582,-0.6134485,-0.0648334, 1.0298076,-0.4601155,-0.4884837, 0.4846791,-0.2157517,-0.7507639, 0.5121506,-0.7708112, 0.9501351, 0.2478005, 0.5410890, 1.3045429, 0.1751068,-1.0103271, 1.3849052,-0.3287920,-0.6770012,-0.5825853,-0.1862826,-0.3147556,-0.9273795,-0.1506101,-0.7775293,-0.5809446,-0.1380327,-0.2819330,-0.7454807,-0.1002242,-0.8830786, 0.4754166, 0.0387254,-0.7742600, 0.5037875,-0.6822109,-0.5071082,-0.5497572, 0.1551657,-0.5914769,-0.7785559,-0.7693785,-0.4019085, 0.4964881,-0.6451846,-0.6829138
 0.9674087, 0.6179525, 0.7098040,-0.3199006, 1.4880793, 0.8341061, 0.0624152, 0.1785833, 0.4550008,-0.0668711,-0.1453273,-0.7662441, 0.9201327, 1.2320889, 1.3667839, 0.9341012, 2.5000594, 1.5717264, 0.8780331, 0.8992704, 0.9753251, 0.2143507, 0.7215116,-0.2081832, 0.4324602, 1.0197427, 0.5964166, 1.7508415, 1.1392074, 0.5367246, 0.6191303, 0.8543758, 0.0993435, 0.4453371,-0.3609371, 0.5779333, 0.6926763, 1.8327564, 1.2205475, 0.6763391, 0.7516470, 0.7876825, 0.0236852, 0.5653150,-0.4168221,-0.3317355, 1.4914795, 0.8035300, 0.0179895, 0.1200693, 0.4609983,-0.0642053,-0.1764365,-0.7747235, 1.6320020, 1.7925396, 1.3458854, 1.5260700, 1.1614674,-0.0139893, 1.2977839,-0.2206624, 0.8762509, 0.5854987, 0.7069400, 1.0576372,-0.1934188, 0.5013838,-0.4059105,-0.0522253, 0.0189246, 0.7098635,-0.0898569,-0.1454642,-0.7702538, 0.0787770, 0.7636030,-0.0297584,-0.0997197,-0.7473312, 0.1572150,-0.0283075, 0.7655726,-0.4101832,-0.7929562,-0.0307788,-0.1267494,-0.2620264,-0.7848494,-0.6829138
 0.9674087, 0.7346449, 1.4231219,-0.4968484, 0.5381419, 0.7861391,-0.3599276,-0.3579217, 1.2894590,-0.0393359,-0.8334818,-0.5198517, 0.9201327, 1.3476043, 2.0356776, 0.9245137, 1.4993455, 1.5300186, 0.6264998, 0.6221164, 1.8548986, 0.2538077, 0.3288412, 0.0726407, 0.5857699, 1.7408308, 0.7028997, 1.0686518, 1.2277689, 0.4204828, 0.4698984, 1.8319313, 0.1557725, 0.1824723,-0.0693700, 1.6151476, 1.3894889, 1.6230920, 1.8880087, 1.0095080, 1.0652039, 2.3186766, 0.1619890, 0.6719217, 0.1075149,-0.5088932, 0.5228078, 0.7440419,-0.3887064,-0.3882070, 1.2947787,-0.0380649,-0.8287706,-0.5299833, 0.3591837, 0.8797392, 0.2546360, 0.3164073, 1.3560496,-0.1098935, 0.0143541,-0.2206624, 0.8065627, 0.2983022, 0.3662233, 2.0540693,-0.1635595, 0.0400589,-0.0801705,-0.4556016,-0.4500304, 1.3978937,-0.0971113,-0.6845892,-0.5916146,-0.4491380, 1.4350435,-0.0411351,-0.6965766,-0.5793048, 1.3860334, 0.1480295, 1.2670122, 0.0540363,-0.7785559,-0.0620980,-0.0680488,-0.8797402,-0.6935870,-0.5760203
 0.9674087, 1.3181070,-0.0035139, 0.1224688, 0.0631732,-1.6601783,-0.2895372,-0.2659494, 1.2894590,-0.9755314,-0.6933022, 2.1904653, 0.9201327, 1.9251816, 0.6978901, 0.9580697, 0.9989885,-0.5970789, 0.6684220, 0.6696285, 1.8548986,-1.0877305, 0.4088296, 3.1617030, 1.4592786, 0.9365402, 1.3159356, 1.1255010,-0.4548993, 0.9302861, 1.0127395, 2.4820401,-1.2599312, 0.6873015, 3.6277011,-0.2287889, 0.0020742, 0.0506087,-0.9820745,-0.1253487,-0.1067640, 0.9526933,-0.8793574,-0.3038908, 1.7460682, 0.1138783, 0.0745663,-1.6435886,-0.2774340,-0.2524929, 1.3280845,-0.9730297,-0.6574947, 2.2364938,-0.1408520,-1.0453334,-0.0931997,-0.0497364, 0.9533548,-1.0849192,-0.2708363, 1.6175402,-1.5071796,-1.3096581,-1.3505387,-0.2268120,-0.8594737,-1.4124813, 0.1446360,-0.3912210,-0.3742272, 1.4498409,-0.9699163,-0.5872632, 2.3747373,-0.3628950, 1.4959715,-0.9226262,-0.5887799, 2.3950237, 1.3860334,-1.1209043, 1.3840680, 2.6982033,-0.6218799,-0.8505623,-1.4144939,-0.7629644, 1.9289140, 2.6155148
 0.9674087, 1.4347994, 0.7098040, 0.4763643, 0.5381419,-1.8520464,-0.0783657, 0.0406249, 1.2894590,-0.9204611,-0.4511738, 0.9585031, 0.9201327, 2.0406970, 1.3667839, 0.9772446, 1.4993455,-0.7639101, 0.7941887, 0.8280022, 1.8548986,-1.0088165, 0.5469914, 1.7575838, 1.6553725, 1.7962991, 1.4549497, 1.7508415,-0.6036158, 1.1644303, 1.3005651, 2.6120618,-1.2018426, 0.9357019, 2.1698655, 0.5779333, 0.7373916, 0.9940986,-0.9153284, 0.5930469, 0.6767816, 1.6356849,-0.9851191, 0.3818325, 1.4183576, 0.4731665, 0.5782085,-1.8279271,-0.0512109, 0.0635243, 1.3471164,-0.9214203,-0.4048752, 1.0019251, 0.3591837,-1.0511847, 0.4183234, 0.5354383, 1.3560496,-1.1328713, 0.2511601, 1.0768924,-1.5857542,-1.4067146,-1.4448519,-0.4057047,-0.8007183,-1.4946862,-0.5664865,-0.1912420,-0.1238171, 1.6056824,-0.9440722,-0.3719525, 1.1759738,-0.0626971, 1.6990647,-0.9038249,-0.3317016, 1.2338126, 1.3860334,-1.0462611, 1.5862552, 1.4963092,-0.6679611,-0.8335337,-0.9558954,-0.5503490, 0.9114490, 0.7067019
 0.9674087, 1.5514919, 1.4231219, 0.5648382, 1.0131106, 0.0666340,-0.0079753,-0.0666761,-0.1165385,-0.1219414,-0.0178913, 0.3425219, 0.9201327, 2.1562125, 2.0356776, 0.9820383, 1.9997024, 0.9044017, 0.8361109, 0.7725714, 0.3728852, 0.1354367, 0.7942283, 1.0555241, 1.8585969, 2.7115263, 1.5780014, 2.4140815, 1.3664595, 1.3122235, 1.3387875, 0.7700437, 0.1624112, 1.3283054, 1.4409477, 1.6151476, 1.4640143, 2.1472531, 1.1728717, 1.2697962, 1.2627655, 0.5326534, 0.0399562, 1.2835300, 1.2545023, 0.5633771, 1.0709383, 0.0964577, 0.0224726,-0.0291577,-0.0938989,-0.1141839, 0.0120811, 0.3748599, 0.9501351, 0.6983494, 0.8752841, 0.9114104, 0.2844787,-0.1525176, 0.9612856, 0.8065685,-0.1265111,-0.0110301,-0.0124576, 0.0031992,-0.3427152, 0.0079645, 0.5919549,-0.1223034,-0.1370211, 0.0003584,-0.1506132,-0.1146866, 0.5060766,-0.1699926,-0.0172128,-0.1012074,-0.1462864, 0.4700562,-0.4239070,-0.1591271, 0.0793026,-0.0475237,-0.8183009,-0.0766939, 0.0163333,-0.1353832, 0.4962420, 0.0386174
 1.2455730,-1.4825111,-0.0035139, 1.5380509,-0.8867642,-1.7081453, 0.6959295, 1.0676487,-1.2225182,-1.4986995, 1.4093922, 0.3425219, 1.3533695,-0.8125345, 0.8985583, 1.3185570, 0.1483817,-0.5470296, 1.5529809, 1.6624555,-0.7743009,-1.9952415, 1.9342651, 1.2661420,-1.1077675,-1.0603192,-1.4675786,-1.2621630,-1.3822884,-1.2716656,-1.2923661,-1.0029588,-0.5180560,-1.2308324,-0.8332759,-0.2287889, 0.0616946,-0.5783847,-1.0106800, 0.3119356, 0.4360106,-0.9618689,-1.3430819, 0.6421908, 0.2713703, 1.5659498,-0.8521352,-1.6621218, 0.7801133, 1.1377147,-1.2277335,-1.5286462, 1.4673188, 0.4107232,-0.8681767,-1.3320464,-0.5842619,-0.5166593,-0.9808689,-1.1648394,-0.3636584,-0.2747272,-1.5282263,-1.1671949,-1.1615618,-1.1909003,-1.0506695,-1.0551845,-0.6811837, 0.6297542, 0.8634748,-1.2691998,-1.7148610, 1.1100156, 0.8586541, 1.0855652,-1.2620540,-1.7254393, 1.3473999, 0.9720250,-0.9469365,-0.4350829,-1.3125096,-0.7892125, 0.0457208,-1.8472537,-1.3594620, 1.5445929, 1.1945657, 0.0386174
 1.2455730,-1.2491263, 1.4231219, 1.0072076, 1.0131106,-1.8520464, 0.6255390, 0.5311437, 1.2894590,-1.1958127, 0.0713140, 2.1904653, 1.3533695,-0.5584005, 2.3701245, 1.2869185, 2.3499523,-0.6846653, 1.5068665, 1.3575862, 2.1382664,-1.5178118, 1.0943868, 3.5829388,-1.0507221,-0.6165727,-1.2344068,-0.7694704,-1.3338303,-1.0441638,-1.0933032,-0.3784383,-0.5595479,-1.1178616,-0.2209849, 1.6151476, 1.4950666, 2.1472531,-0.7341604, 1.7383151, 1.6682867, 2.3186766,-1.5464699, 1.3504246, 3.7123322, 1.0167609, 1.1003175,-1.8184951, 0.6637831, 0.5739286, 1.3756643,-1.2079580, 0.1322649, 2.3016999, 0.9501351,-0.9400103, 1.3049635, 1.2947146, 1.7587444,-1.6070642, 1.0257494, 2.6988359,-1.5857542,-1.2988740,-1.3738054,-0.4057047,-0.8922226,-1.4115324,-0.1306373, 0.5494208, 0.5240042, 2.1251543,-1.3476028, 0.2656175, 3.2914387, 0.4583273, 2.0240138,-1.2644153, 0.1958461, 3.1004934, 1.3860334,-1.4194770, 2.0225541, 2.6982033,-0.3914742,-1.1837331,-1.8547484,-0.0444550, 2.6771179, 2.6155148
 1.2455730,-0.7823566,-0.7168318, 0.5648382,-1.3617329,-0.5089701, 0.5551485, 0.3778566,-1.1467073,-0.5074337, 0.7849557,-0.8894403, 1.3533695,-0.0501326, 0.1627751, 1.2605531,-0.4020109, 0.5999348, 1.4607520, 1.2704807,-0.6864002,-0.4327442, 1.5423219,-0.2783891,-0.8510629,-0.8107118,-0.7698816,-1.0916155,-0.7857517,-0.5941420,-0.6548647,-0.9187827,-0.3786432,-0.5461984,-0.8332759,-0.8050191,-0.7009488,-1.1025458,-0.7436955,-0.4689291,-0.5492558,-0.9681524,-0.4319039,-0.4009411,-0.8756171, 0.5633771,-1.3675290,-0.4803861, 0.5567639, 0.3872439,-1.1532112,-0.5043242, 0.7730515,-0.8879648,-1.0954656,-1.1682104,-1.0957850,-1.1818646,-0.9845737,-0.5681023,-1.0816774,-0.9054830,-0.7214333,-0.2130894,-0.2875680,-1.0582782,-0.7174012,-0.1060740,-0.8991083, 0.4702269, 0.3995645,-1.1749364,-0.5523301, 0.6469202,-0.8337178, 0.2901251,-1.1950177,-0.4932377, 0.5381327,-0.8652612,-0.9364043,-0.3511541,-1.2270468,-0.8511101,-0.8666861,-0.4890044,-0.2955136, 0.7505082,-0.7685459,-0.7249077
 1.2455730,-0.6656642,-0.0035139, 0.2109427,-1.3617329, 0.7381721,-0.1487562, 0.0559536,-0.5703289, 0.0983399, 0.1732628,-1.2590290, 1.3533695, 0.0769344, 0.8985583, 1.2394607,-0.4020109, 1.7927777, 0.9996076, 1.0875591,-0.0181057, 0.5221153, 1.1583775,-0.7417485,-0.7833214,-0.4779019,-0.6605696,-1.0537161,-0.2727634,-0.6456205,-0.6116032,-0.6278201,-0.0201532,-0.5709605,-0.9790594,-0.2287889, 0.0058005,-0.8928813, 0.4481995,-0.0628795, 0.0242506,-0.4647876, 0.0724983, 0.0860095,-1.0067013, 0.2034672,-1.3742442, 0.7452830,-0.1382286, 0.0542978,-0.5663928, 0.1052999, 0.1640941,-1.2685510,-1.0954656,-0.8639436,-1.2321912,-1.2408345,-0.8118982,-0.3336699,-1.2079740,-1.0136126, 0.7378099, 0.3908181, 0.5625619,-0.2492362, 0.0059643, 0.6266423,-1.1032693,-0.2590411,-0.1546974,-0.5665517, 0.0543260,-0.0915733,-1.3672850,-0.0471735,-0.5231676, 0.1296518, 0.0178323,-1.3438651,-0.7344593,-0.1301059,-0.4746510,-0.8333942,-0.6892736, 0.1694012,-0.1927876, 0.0617602,-1.3057286,-0.8050778
 1.2455730,-0.5489717, 0.7098040,-0.3199006,-0.4117955, 0.4503700,-0.8526609,-1.0477138, 1.2894590, 0.2635508,-1.3304823, 0.9585031, 1.3533695, 0.2040014, 1.6343414, 1.2078222, 0.6987744, 1.5175062, 0.5384631, 0.4603993, 2.1382664, 0.7825315, 0.2145144, 2.0384076,-0.7084493,-0.0896237,-0.5573194,-0.5989230,-0.2610666,-0.7303110,-0.7709132, 0.4016921, 0.1192596,-0.8597392, 0.1872091, 0.5779333, 0.6926763, 0.1554409, 0.9154223, 0.1349396, 0.0861763, 1.6356849, 0.4141901,-0.1456796, 1.4183576,-0.3317355,-0.4257182, 0.4255864,-0.8352903,-1.0088538, 1.3042946, 0.2644449,-1.2804390, 0.9628015,-0.5499721,-0.1500869,-0.7002071,-0.7528509, 0.5506600,-0.0139893,-0.9059733, 0.3560286, 0.3449367,-0.1903861,-0.2239351, 1.7410072, 0.1475551,-0.4419388, 1.6356992,-0.8743610,-0.9580118, 1.0342633, 0.1060142,-1.0975357, 0.6588602,-1.0398162, 0.9780838, 0.1453816,-1.1769679, 0.5916543, 1.3860334, 0.5585669, 0.8519962, 1.4963092,-0.5441180, 0.1088533, 0.6216833,-1.2564344, 0.3378260, 0.7067019
 1.2455730,-0.4322793, 1.4231219,-2.1778522, 1.9630480,-0.0772671,-1.5565657,-1.2929732, 1.2894590, 0.0157344,-1.3432260,-0.0270668, 1.3533695, 0.3310684, 2.3701245, 1.0970874, 3.4507376, 1.0128419, 0.0773186, 0.3210305, 2.1382664, 0.3919072, 0.2065155, 0.8027827,-0.6264464, 0.3541229,-0.4928637, 0.6138587,-0.3696798,-0.8482134,-0.7528471, 0.5317139,-0.0201532,-0.7924309,-0.2559730, 1.6151476, 1.2714903, 3.1955753, 1.0298443, 0.1245280, 0.4309271, 2.3186766, 0.2433442, 0.2896666, 0.7629363,-2.1608886, 1.8121317,-0.1913850,-1.5858040,-1.3538904, 1.2043771, 0.0028485,-1.3935011,-0.0848431, 2.4047844, 1.2308163, 0.3569407, 0.7703819, 2.5641340, 0.1938031, 0.6133855, 0.8606332,-0.2878697,-0.8141588,-0.6445532, 1.2490524,-0.2223149,-0.7212411, 0.1033450,-1.3757327,-1.3271914, 0.5147914,-0.1619483,-1.3538271,-0.5446043,-1.2259584, 0.8156093,-0.0704914,-1.2640431,-0.3843460, 1.3860334, 0.2226727, 0.8413547, 0.5347940,-0.7462991,-0.0667968, 0.0713651,-1.2653275,-0.4412298,-0.2706102
 1.2455730,-0.0822021,-1.4301497, 0.5648382, 0.0631732, 0.0666340,-0.5007086,-0.1739771, 1.2894590,-1.1682775,-0.5021482,-0.6430479, 1.3533695, 0.7122694,-0.5730080, 1.2605531, 1.2491670, 1.1504776, 0.7690353, 0.9569008, 2.1382664,-1.4744091, 0.7344390, 0.0305171,-0.3376537,-0.8939143,-0.0655167,-0.0114818,-0.0137629,-0.2802892,-0.1534189, 0.9217791,-1.0159588,-0.2786250,-0.4833953,-1.1507572,-1.4226031,-0.9977135,-1.0774261,-1.3434976,-1.3286421,-0.4132900,-0.5946142,-1.3561543,-0.9739303, 0.5633771, 0.0955514, 0.0964577,-0.4450323,-0.1296684, 1.3518744,-1.1731360,-0.4469168,-0.6353999,-0.1408520, 0.0078978,-0.1955043,-0.0076150, 0.9533548,-1.2713996,-0.1721671,-0.4549432,-0.1265111,-0.2454415,-0.0607178, 1.3832219,-1.4224658,-0.2313562,-0.4907864,-0.5809446,-0.4420708, 1.2939993,-1.1127389,-0.5914142,-0.7561507,-0.2748906, 1.5568995,-1.1203141,-0.4514067,-0.6728147, 1.3860334,-1.3821554, 1.5436895,-0.0661531,-0.4243070,-1.0503075,-0.6183669,-0.5962587,-0.7309048,-0.6332847
 1.2455730, 0.0344904,-0.7168318, 1.0072076,-2.3116703,-1.5642443,-0.0783657, 0.4238427, 1.2894590,-1.4436291, 0.1987500, 0.2193257, 1.3533695, 0.8393364, 0.1627751, 1.2869185,-1.5027962,-0.4093938, 1.0457220, 1.2966123, 2.1382664,-1.9084361, 1.1743752, 1.1116889,-0.2271281,-0.4224336, 0.0680419,-1.4327104,-0.8241840,-0.0311996, 0.1579225, 1.0518009,-1.3279779, 0.0804429, 0.2105344,-0.8050191,-0.6885279,-1.5218746,-1.1632426,-0.6563366,-0.5367782, 0.2697016,-0.9851191,-0.5767785,-0.2857379, 1.0167609,-2.3429159,-1.5275911,-0.0098286, 0.4725529, 1.3756643,-1.4609208, 0.2540933, 0.2637922,-1.2772968,-1.7182311,-2.0369876,-2.1331831,-1.0601193,-0.5254782,-2.1309325,-1.0856990,-1.4622798,-1.2023850,-1.1497207,-0.1373657,-1.0843816,-1.1653090,-0.6353048,-0.1912420, 0.0558745, 1.6056824,-1.4609541,-0.0405942, 0.3297879, 0.3400720, 1.9529312,-1.5173529, 0.2182706, 0.5325637, 1.3860334,-1.7553712, 2.1289684, 0.7751728,-0.0441375,-1.4721821,-1.2347233, 0.0886968, 0.4555988,-0.0720937
 1.2455730, 0.1511828,-0.0035139, 1.3611031,-2.3116703,-1.6122113, 0.0624152, 0.5158150, 1.2894590,-1.3885588,-0.0433785, 0.3425219, 1.3533695, 0.9664034, 0.8985583, 1.3080108,-1.5027962,-0.4552724, 1.1379509, 1.3488756, 2.1382664,-1.8216307, 1.0223972, 1.2661420,-0.1094718, 0.1045154, 0.2001861,-1.4327104,-0.8108162, 0.1248965, 0.3070050, 1.1818226,-1.3346166, 0.0895212, 0.3913061,-0.2287889, 0.0542420,-1.5218746,-0.9534690, 0.0308243, 0.2114142, 0.9526933,-1.2454557,-0.0114656, 0.2713703, 1.3822652,-2.3429159,-1.5681323, 0.1534016, 0.5938259, 1.3946962,-1.4116137, 0.0503760, 0.4042026,-1.2772968,-1.7182311,-2.0369876,-2.1331831,-1.0601193,-0.5254782,-2.1309325,-1.0856990,-1.4851974,-1.2091960,-1.1728316,-0.1820888,-1.0429638,-1.2516414,-0.6123654,-0.0522253, 0.1823241, 1.7095768,-1.4391906,-0.0917538, 0.5413344, 0.4412869, 2.0138591,-1.4761895, 0.1193727, 0.7278240, 1.3860334,-1.6807280, 1.9267812, 0.8953622,-0.1293876,-1.3565065,-1.2493984,-0.1610182, 0.4837719, 0.0386174
 1.2455730, 0.2678752, 0.7098040, 0.9187337, 0.0631732,-0.7967722, 0.2735866, 0.2552269,-0.3160127,-0.9479962, 0.6575197, 0.9585031, 1.3533695, 1.0934704, 1.6343414, 1.2816454, 1.2491670, 0.3246633, 1.2762942, 1.2007963, 0.2767668,-1.1271875, 1.4623335, 2.0384076, 0.0153152, 0.6869328, 0.3012137, 0.2727639,-0.2593957, 0.3175258, 0.3210398,-0.0858374,-0.9163783, 0.4930999, 1.0035970, 0.5779333, 0.7622334, 0.5747698,-0.0762343, 0.8012774, 0.7932389, 0.0041545,-1.0176612, 1.0469565, 1.4183576, 0.9257733, 0.1123395,-0.7552392, 0.3195055, 0.3050735,-0.2913502,-0.9540359, 0.6845930, 1.0236605,-0.1408520,-0.5187178, 0.1796127, 0.1889512,-0.2490919,-1.0582792, 0.4264257, 0.7164605,-0.9683821,-0.5411518,-0.5634184,-0.5168507,-1.0217734,-0.4052425, 0.4428486, 0.1648459, 0.1749368,-0.1510676,-1.0166170, 0.4038037, 1.4110255, 0.1590862,-0.1647266,-0.9563649, 0.3950414, 1.3604353,-0.5768642,-0.6378137, 0.0413520, 0.0607669,-0.6454965,-1.0035045,-0.9925833, 0.5997446, 1.6347128, 0.7067019
 1.2455730, 0.3845676, 1.4231219, 0.2994165,-0.8867642,-0.3650691, 0.3439771, 0.2705556,-1.1644503,-0.3697579, 0.6830069,-1.4561430, 1.3533695, 1.2205374, 2.3701245, 1.2447338, 0.1483817, 0.7375705, 1.3224087, 1.2095068,-0.7069727,-0.2157307, 1.4783312,-0.9888734, 0.1472328, 1.3248184, 0.3925427,-0.3525767, 0.0948503, 0.4570160, 0.4385441,-0.8131271,-0.2873611, 0.6232112,-1.0513681, 1.6151476, 1.4453829, 0.0506087, 0.7437895, 1.5300845, 1.4915210,-0.7984973,-0.3261421, 1.8091308,-1.1377856, 0.2932116,-0.8873901,-0.3485857, 0.3336444, 0.2621348,-1.1727009,-0.3651323, 0.6520477,-1.4691250,-0.8681767,-0.8405385,-0.6865665,-0.7356903,-0.9547743,-0.5094942,-0.5886240,-1.0640731,-0.5853308,-0.1807372,-0.2097051,-1.0604518,-0.6027800,-0.0210700,-1.3923062, 0.2394819, 0.2224685,-1.2121825,-0.3972656, 0.4601972,-1.5825924, 0.1752948,-1.2239212,-0.3447248, 0.4182147,-1.5712635,-0.9392033,-0.3338966,-1.2624778,-0.9032867,-0.8753263,-0.3236861,-0.2580920, 0.6295910,-1.5323698,-0.8197375
 1.2455730, 0.7346449,-1.4301497, 0.2109427,-1.3617329, 1.1219082, 0.0624152, 0.3471991,-0.7482965,-0.8653908, 0.5045964,-1.1358328, 1.3533695, 1.6017383,-0.5730080, 1.2394607,-0.4020109, 2.1598062, 1.1379509, 1.2530596,-0.2244541,-0.9969794, 1.3663474,-0.5872953, 0.5857699,-0.6997752, 0.7384615,-0.5989230, 1.4850985, 0.6396816, 0.8098693,-0.3363113,-0.9396137, 0.8867197,-0.7108177,-1.1507572,-1.4275715,-1.3122102,-0.8676526,-1.2602053,-1.2579359,-0.9309977,-0.5051235,-1.2051635,-1.1050145, 0.2034672,-1.3742442, 1.1271980, 0.0607512, 0.3252344,-0.7481351,-0.8633357, 0.4759832,-1.1431380,-1.0954656,-0.7703231,-1.1912693,-1.1874808,-0.8652150,-0.7066305,-1.1395633,-0.9775694, 1.3140238, 0.7966393, 1.0394641,-0.3787813,-1.2900254, 1.1509937,-0.8807568,-0.0522253, 0.1006243,-0.7317333,-0.9050793, 0.1969394,-1.2074499, 0.2570718,-0.6900989,-0.8779804, 0.3574152,-1.1743816,-0.8198009,-0.4906921,-0.6548051,-0.8202214,-0.7094341,-0.8894291,-0.3523798, 0.4238821,-1.1274991,-0.7859897
 1.2455730, 0.8513373,-0.7168318, 0.0339949,-1.3617329, 1.3137762,-0.0783657, 0.2705556,-1.1295020,-1.0030666, 0.7212377,-1.4807822, 1.3533695, 1.7288053, 0.1627751, 1.2289146,-0.4020109, 2.3433205, 1.0457220, 1.2095068,-0.6664511,-1.2139929, 1.5023277,-1.0197641, 0.7462103,-0.0341554, 0.8457528,-0.5610236, 1.7741765, 0.6662512, 0.8843732,-0.7288990,-1.1586910, 1.1207913,-1.0688621,-0.8050191,-0.7158539,-1.1025458,-0.0190233,-0.6563366,-0.5783701,-0.9594102,-0.7247825,-0.4200539,-1.1902193, 0.0244447,-1.3776018, 1.3040901,-0.0856961, 0.2375364,-1.1383797,-0.9996018, 0.6635375,-1.4943815,-1.0954656,-0.7235128,-1.2185506,-1.2015212,-0.9794192,-0.7599106,-1.0948333,-1.0784904, 1.6245807, 0.8409107, 1.1472153,-0.8745376,-1.5274550, 1.4661146,-1.3991880,-0.1912420,-0.0160022,-1.1988425,-1.0256851, 0.2257919,-1.6164398, 0.1752948,-1.1801231,-1.0165448, 0.4401327,-1.6012711,-0.9334951,-0.4194228,-1.2052194,-0.9050703,-0.5971113,-1.0773904,-0.2668971, 0.6746478,-1.5646072,-0.8201956
 1.2455730, 0.9680297,-0.0035139, 0.2994165, 0.0631732, 0.8820731, 0.1328057, 0.3318704,-0.9284147,-0.8103204, 0.5810581,-1.5054215, 1.3533695, 1.8558723, 0.8985583, 1.2447338, 1.2491670, 1.9304134, 1.1840653, 1.2443490,-0.4332961,-0.9101739, 1.4143404,-1.0506547, 0.9137813, 0.6869328, 0.9764826, 0.8412553, 1.5552793, 0.8854500, 1.0280807,-0.4824557,-0.9163783, 1.1603565,-1.0956863,-0.2287889, 0.0095268, 0.0506087, 0.5340159, 0.0620589, 0.1365488,-0.7377111,-0.7329180, 0.2694920,-1.2033277, 0.2932116, 0.0829604, 0.8947891, 0.1343197, 0.3192729,-0.9312411,-0.8087045, 0.5559155,-1.5193771,-0.1408520, 0.5052570, 0.1114096, 0.2240524,-0.7077613,-0.9250789, 0.3869581,-1.0856990, 0.9468745, 0.6638251, 0.8338162,-0.6606267,-1.1758858, 0.9985748,-1.4381851, 0.0189923, 0.1334214,-0.9384312,-0.8556582, 0.2786721,-1.6446460, 0.2406186,-0.9210068,-0.8173602, 0.3934829,-1.6312787,-0.8852635,-0.4351202,-0.9122651,-0.9074789,-0.7462991,-0.8341905,-0.2588257, 0.5111242,-1.5973434,-0.8203483
 1.2455730, 1.2014146, 1.4231219, 0.0339949, 0.5381419, 0.0186670,-0.2191467,-1.1856722, 1.2894590, 1.2272814,-1.3304823,-0.7662441, 1.3533695, 2.1100063, 2.3701245, 1.2289146, 1.7995596, 1.1045991, 0.9534931, 0.3820043, 2.1382664, 2.3016261, 0.2145144,-0.1239360, 1.2703155, 2.2955140, 1.1942983, 1.5234450, 1.0272523, 0.8788076, 0.3889743, 2.3520183, 2.2270482, 0.2047616,-0.1859968, 1.6151476, 1.4267516, 1.6230920, 1.1251959, 1.1136233, 0.5037130, 2.3186766, 2.0331583, 0.2992229,-0.2201957, 0.0244447, 0.5530263, 0.0195949,-0.2178895,-1.1124510, 1.3233265, 1.2343276,-1.2610814,-0.7695071, 0.3591837, 0.3180159, 0.3364797,-0.1385032, 1.3560496, 1.3606371,-0.2934936,-0.4369216,-0.1812327,-0.1444119,-0.5434106, 1.3384987, 1.0211803,-0.6655680,-0.6398927,-0.3257008,-0.7555593, 1.5017881, 1.1243622,-0.8706744,-0.8266662,-1.1460624, 0.8866919, 0.8559683,-1.2231015,-0.9888189, 1.3860334, 1.8648223, 0.8519962,-0.1863425, 1.1292039, 0.7870807, 0.3905497,-1.2564344,-1.0167926,-0.6829138
 1.2455730, 1.5514919,-1.4301497, 0.2109427,-0.4117955,-1.8520464,-1.2046133,-0.4498940,-0.1729935,-1.8841917,-0.3492249, 1.5744842, 1.3533695, 2.4912073,-0.5730080, 1.2394607, 0.6987744,-0.6846653, 0.3078909, 0.8001108, 0.4425937,-2.6028794, 0.8304251, 2.8106732, 1.8585969,-0.5056361, 1.5545629, 0.7654564,-0.5718673, 0.4935491, 1.0952313, 0.6908605,-2.9179476, 1.0984342, 3.1320370,-1.1507572,-1.4275715,-1.1025458,-1.4588325,-1.4476129,-1.3660748,-0.7848375,-0.8061377,-1.3332190,-0.3840511, 0.2034672,-0.4055725,-1.8326432,-1.1331278,-0.4162763,-0.1606296,-1.8873219,-0.3277310, 1.6159492,-0.5499721,-1.2735335,-0.8366133,-0.5338199,-0.3256039,-1.6763283,-0.5007720, 0.7164605,-1.5857542,-1.5792596,-1.5158984,-0.8679633,-1.1209833,-1.4784611,-0.3485619,-1.1392904,-0.8996586,-0.4688806,-1.5044810,-0.8566933, 0.9409222,-0.5336196,-0.1990353,-1.7278066,-0.4941858, 1.5883061,-0.4698144,-1.2561577,-0.1218985, 0.4626803, 0.8037558,-1.7487639,-2.7352574,-0.4566918, 1.6217809, 1.5656677
 1.2455730, 1.6681843,-0.7168318, 0.5648382,-1.3617329,-1.8520464,-0.5710991,-0.0513474,-0.2982698,-1.5813049, 0.1987500, 0.3425219, 1.3533695, 2.6182743, 0.1627751, 1.2605531,-0.4020109,-0.6846653, 0.7229209, 1.0265852, 0.2973393,-2.1254497, 1.1743752, 1.2661420, 2.0689521, 0.3541229, 1.6953955,-0.2957276,-0.5401189, 1.0149766, 1.4529324, 0.5683800,-2.4598770, 1.5861568, 1.5284178,-0.8050191,-0.7009488,-1.1025458,-1.2776645,-0.8020980,-0.6657131,-0.5370481,-1.0664743,-0.5767785,-0.2201957, 0.5633771,-1.3675290,-1.8263551,-0.5118187,-0.0147990,-0.2807714,-1.5911434, 0.2174223, 0.3748599,-1.0954656,-1.4958823,-1.3140349,-1.2604911,-0.7303928,-0.9836870,-1.2027116,-0.5450512,-1.5857542,-1.4822030,-1.4581731,-0.9075612,-1.0203286,-1.3912510,-0.7844112,-0.6419068,-0.4275490,-0.3839885,-1.4605007,-0.3080030, 0.2240146,-0.1548114,-0.2257039,-1.5504460,-0.0225514, 0.4768396,-0.5643042,-0.9941677,-0.0881805,-0.1693958, 0.1891484,-1.6190197,-1.4420098, 0.0886968, 0.6022376, 0.0386174
 1.5237373,-1.7158960,-0.0035139, 0.5648382,-1.3617329,-1.8520464,-0.6414895, 0.1019397, 1.2894590,-2.2972191,-0.2982505, 0.9585031, 1.8278669,-1.0551170, 1.0992264, 1.5390678,-0.3019395,-0.6054205, 0.8948020, 1.3677045, 2.4216341,-3.5261733, 1.0905894, 2.3192315,-1.1362903,-1.2267242,-1.7090347,-1.3948110,-1.4608241,-1.5390218,-1.5713826,-0.8985253,-0.4334125,-1.5447120,-0.9790594,-0.2287889, 0.0207056,-0.8928813,-1.0964964,-0.2815216, 0.0429669, 0.9526933,-2.0508721,-0.1261421, 0.7629363, 0.5633771,-1.3675290,-1.8263551,-0.5786051, 0.1287877, 1.3518744,-2.3156896,-0.2536545, 1.0062722,-1.0954656,-1.4958823,-1.3276755,-1.2324102,-0.2547297,-1.2607435,-1.3053275,-0.3648352,-1.5857542,-1.4929871,-1.4359711,-0.4057047,-1.2582397,-1.4703485,-0.5664865,-0.7017296,-0.4024854, 1.1901049,-2.0540080,-0.5658103, 0.7998912,-0.0003090, 1.7396833,-2.3225724,-0.2203546, 1.2699905, 1.3860334,-2.9123403, 1.7139524, 1.4963092, 1.8665024,-2.1585585,-2.7902892,-0.4089443, 1.0112095, 0.7067019
 1.5237373,-1.5992035, 0.7098040, 1.0956815,-0.8867642,-1.8520464,-0.5710991, 0.3625279, 0.6012461,-1.7740511, 0.0458267, 0.9585031, 1.8278669,-0.9164984, 1.9018989, 1.5735826, 0.2984888,-0.6054205, 0.9451087, 1.5292457, 1.5511284,-2.6265536, 1.3261916, 2.3192315,-1.1255943,-1.0880534,-1.5892159,-1.3190121,-1.4290756,-1.4493495,-1.4521987,-0.8350747,-0.4848625,-1.4325880,-0.8624326, 0.5779333, 0.7721701,-0.2638880,-0.9153284, 0.3015240, 0.8514676, 0.9363015,-1.9939234, 0.6799915, 1.4183576, 1.1079039,-0.8647262,-1.8169231,-0.4752644, 0.4229717, 0.6654314,-1.8006028, 0.1149839, 1.0323546,-0.8681767,-1.3847079,-0.9525585,-0.7104175,-0.1613045,-1.3246796,-0.7859623,-0.0044033,-1.5857542,-1.4822030,-1.3982276,-0.6232381,-1.0843816,-1.4155887,-0.5664865,-0.6419068,-0.2561233, 0.5372326,-1.6287140,-0.3768735, 0.8469015, 0.2735740, 1.0342278,-1.8608245, 0.0979391, 1.4237467, 0.3399446,-1.7255139, 1.0729218, 0.8809395, 0.5641338,-1.7746443,-2.0932196,-0.0706259, 1.2356707, 0.7067019
 1.5237373,-1.4825111, 1.4231219, 0.7417860,-1.3617329,-1.4683103,-0.2191467, 0.2092407,-1.2316586,-1.0581369, 0.6575197, 0.9585031, 1.8278669,-0.7778799, 2.7045714, 1.5505727,-0.3019395,-0.2050257, 1.1966420, 1.4342215,-0.7672734,-1.3954951, 1.7450400, 2.3192315,-1.1077675,-0.8939143,-1.4730341,-1.3190121,-1.3572239,-1.3364289,-1.3488040,-1.0042850,-0.4383916,-1.2847943,-0.7458057, 1.6151476, 1.4764352,-0.4735524,-0.3527540, 1.1136233, 1.4499291,-0.8838713,-1.3430819, 1.7900180, 2.0737789, 0.7442644,-1.3641714,-1.4373248,-0.1645524, 0.2454997,-1.2399739,-1.0639697, 0.6684278, 1.0149663,-1.0954656,-1.4022618,-1.2458318,-1.2127536,-1.0100240,-0.7812227,-1.1079892,-0.3648352,-1.4136383,-1.1649246,-1.1140157,-1.1803367,-0.9389379,-0.9862396,-0.1994556,-0.3257008,-0.1232847,-1.3237443,-1.0583303, 0.1091066, 1.0819532, 0.1107539,-1.3106750,-1.0665122, 0.3693578, 1.3333019,-0.9479546,-0.3928647,-1.3677626,-0.7579633,-0.5441180,-1.1329620,-1.1393348, 0.5997446, 1.6347128, 0.7067019
 1.5237373,-1.1324338,-1.4301497, 0.2994165,-0.4117955,-1.8520464,-0.9230514,-0.2046346, 0.1781026,-1.4986995,-0.0561221, 2.1904653, 1.8278669,-0.3620243,-0.5061186, 1.5218105, 0.8989171,-0.6054205, 0.6935753, 1.1776561, 1.0159033,-2.1530696, 1.2563835, 4.0041745,-1.0115033,-1.1435217,-1.1257010,-0.9779173,-1.3020818,-1.1471208,-1.0728856,-0.5709225,-0.7172171,-1.0316514,-0.0460446,-1.1507572,-1.4263294,-1.1025458,-1.4588325,-1.4059667,-1.3328013,-0.6956388,-0.6922405,-1.2892596,-0.2201957, 0.2932116,-0.4022149,-1.8310712,-0.8623037,-0.1806858, 0.2007046,-1.5017862,-0.0449107, 2.2495350,-0.5499721,-1.2735335,-0.7274884,-0.4439610,-0.1152362,-1.3779597,-0.3797378, 1.0768924,-1.5857542,-1.5361233,-1.4803751,-0.7569872,-0.9928773,-1.4318138,-0.1306373,-0.9296258,-0.6711975,-0.0484823,-1.2977282,-0.6029648, 1.7400978,-0.3044211, 0.2739441,-1.4331480,-0.2327034, 2.4492906,-0.1507760,-1.2128647, 0.4521939, 1.2076143, 0.0457208,-1.4643200,-2.4600983,-0.1737782, 2.5524172, 2.6155148
 1.5237373,-1.0157414,-0.7168318, 0.5648382,-0.8867642,-1.8520464,-0.7118800, 0.1479259, 0.2485369,-1.3059533, 0.1477756, 0.9585031, 1.8278669,-0.2234057, 0.2965539, 1.5390678, 0.2984888,-0.6054205, 0.8444953, 1.3962118, 1.1049941,-1.8216307, 1.3959997, 2.3192315,-0.9651539,-0.9216484,-1.0046699,-1.0347664,-1.2703334,-1.0325396,-0.9177561,-0.4708058,-0.7022801,-0.8960524,-0.2792983,-0.8050191,-0.7009488,-0.8928813,-1.2776645,-0.8437442,-0.6116437,-0.2592071,-0.9037639,-0.5920687, 0.1075149, 0.5633771,-0.8798355,-1.8263551,-0.6453915, 0.1718638, 0.2815045,-1.3124718, 0.1691068, 1.0062722,-0.8681767,-1.3847079,-0.9934804,-0.7693874,-0.3198051,-1.0529512,-0.7543882,-0.0044033,-1.5857542,-1.5037712,-1.4293105,-0.7347240,-0.9288243,-1.3993636,-0.5664865,-0.7604129,-0.4225842, 0.1123462,-1.1902712,-0.4064960, 0.7528809, 0.0469958, 0.4970905,-1.3146076, 0.0499191, 1.2971240,-0.0771473,-1.0918830, 0.6493114, 0.5655625,-0.2486226,-1.3143561,-1.4695257, 0.0349766, 1.3021777, 0.7067019
 1.5237373,-0.8990490,-0.0035139, 0.1224688,-2.3116703,-1.2284753, 0.0624152,-0.0360187,-0.9547604,-0.8378556, 0.2879552, 2.1904653, 1.8278669,-0.0847872, 1.0992264, 1.5103055,-1.5027962, 0.0452211, 1.3978687, 1.2821827,-0.4170308,-1.0167079, 1.4919857, 4.0041745,-0.9116737,-0.6443069,-0.8953579,-1.4327104,-1.0648039,-0.8017166,-0.8412365,-0.8567103,-0.5313334,-0.7628925, 0.3038359,-0.2287889, 0.0020742,-1.5218746,-0.7246252, 0.0308243,-0.0131822,-0.7577910,-0.7573246, 0.1376139, 1.7460682, 0.1138783,-2.3429159,-1.2146789, 0.0536243,-0.0389663,-0.9597643,-0.8348930, 0.2645760, 2.2364938,-1.2772968,-1.7182311,-2.0369876,-2.1331831,-1.0601193,-0.5254782,-2.1309325,-1.0856990,-1.2756650,-0.9276753,-0.9823356,-1.0190202,-0.8734401,-0.8777993, 0.7640007,-0.0522253,-0.0850570,-0.9790851,-0.8769682, 0.0828049, 2.7273147,-0.1395813,-0.9946832,-0.8131148, 0.0332762, 2.5985246,-0.8930751,-0.4357995,-0.9926167,-0.3118202,-0.7284426,-0.8354207,-1.1393348, 0.1841811, 2.8891090, 2.6155148
 1.5237373,-0.7823566, 0.7098040,-0.5853223,-2.3116703, 0.0186670,-1.4861752,-0.8177831, 1.2894590,-0.3422227,-1.2540207,-0.8894403, 1.8278669, 0.0538313, 1.9018989, 1.4642859,-1.5027962, 1.3465043, 0.2911220, 0.7975593, 2.4216341,-0.1644366, 0.4361388,-0.2081832,-0.8510629,-0.3114970,-0.7935220,-1.4327104,-0.6203255,-1.0275579,-0.8906943, 0.1416486,-0.2890207,-0.9852097,-0.8332759, 0.5779333, 0.6777713,-1.5218746, 0.5721566,-0.2398755, 0.2109521, 1.6356849,-0.3017356,-0.0998090,-0.5479064,-0.5972389,-2.3429159,-0.0139964,-1.4398165,-0.8165151, 1.2900207,-0.3383683,-1.2241055,-0.9020928,-1.2772968,-1.7182311,-2.0369876,-2.1331831,-1.0601193,-0.5254782,-2.1309325,-1.0856990,-0.1812327,-0.7369677,-0.3807516, 1.3384987,-0.5709943,-0.6284210,-0.7729414,-1.3307232,-1.1511203, 0.5667386,-0.3909179,-1.2984082,-1.1745427,-0.8539321, 1.1304037,-0.3280169,-1.0656234,-1.0416287, 1.3860334,-0.2625079, 0.9158448,-0.3065319,-0.8735982,-0.3164622,-0.2404818,-1.2022718,-1.1010810,-0.7249077
 1.5237373,-0.6656642, 1.4231219, 0.0339949,-2.3116703,-1.5162773,-1.2046133,-0.3119356,-1.3391918,-1.8291214, 0.5300837,-1.0126366, 1.8278669, 0.1924499, 2.7045714, 1.5045531,-1.5027962,-0.2550750, 0.4923486, 1.1111392,-0.9032899,-2.7212504, 1.6577799,-0.3766775,-0.7833214, 0.0767813,-0.6646107,-1.4327104,-1.0581200,-0.8947101,-0.6922287,-0.9996823,-1.1819264,-0.4855972,-0.8624326, 1.6151476, 1.4267516,-1.5218746,-0.4004298, 0.3848163, 1.0963978,-1.0204696,-2.4820545, 1.6944543,-0.5479064, 0.0244447,-2.3429159,-1.5027699,-1.1432435,-0.3024586,-1.3517750,-1.8269831, 0.4842252,-1.0194637,-1.2772968,-1.7182311,-2.0369876,-2.1331831,-1.0601193,-0.5254782,-2.1309325,-1.0856990,-1.4384267,-1.4044443,-1.2556153,-1.2296305,-1.2779854,-1.0554929,-1.1996149,-1.1392904,-0.8522201,-1.4604070,-1.4645813,-0.5279339,-1.2309551,-0.4062366,-1.4514786,-1.7188656, 0.0135847,-1.0998651,-0.9558647,-0.3802351,-1.5356111,-0.8968061, 0.6816407,-1.9958764,-0.6403797, 0.4528096,-0.9675589,-0.7592663
 1.5237373,-0.3155869,-1.4301497, 0.0339949,-2.3116703,-1.8520464,-0.5710991,-0.3885791, 1.2894590,-1.1132072,-0.6805586, 0.3425219, 1.8278669, 0.6083055,-0.5061186, 1.5045531,-1.5027962,-0.6054205, 0.9451087, 1.0636271, 2.4216341,-1.4901919, 0.8288091, 1.4767599,-0.5373128,-0.9493826,-0.3160653,-1.4327104,-1.0798426,-0.4812214,-0.4179900, 0.6617356,-0.8798654,-0.5156776, 0.0414255,-1.1507572,-1.4300557,-1.5218746,-1.4588325,-1.3539091,-1.3577565,-0.4132900,-0.5783432,-1.3829121,-0.7117617, 0.0244447,-2.3429159,-1.8357872,-0.5483731,-0.3735105, 1.3233265,-1.1099193,-0.6514195, 0.3552980,-1.2772968,-1.7182311,-2.0369876,-2.1331831,-1.0601193,-0.5254782,-2.1309325,-1.0856990,-1.5857542,-1.4822030,-1.5070175,-0.4057047,-0.8647713,-1.5311927,-0.7844112,-0.6419068,-0.5672293, 1.2420521,-1.0519826,-0.7040086, 0.2240146,-0.4774942, 1.4147342,-1.0349549,-0.6322367, 0.3276056, 1.3860334,-1.3075122, 1.3947094, 0.8953622,-0.4865165,-0.9704279,-0.9742393,-0.7521187, 0.1720203, 0.0386174
 1.5237373,-0.1988945,-0.7168318,-0.2314268,-2.3116703,-1.8520464,-0.5710991,-0.3272643, 1.2894590,-1.2508830,-0.6550714,-0.6430479, 1.8278669, 0.7469240, 0.2965539, 1.4872957,-1.5027962,-0.6054205, 0.9451087, 1.1016367, 2.4216341,-1.7269339, 0.8462612, 0.1288055,-0.4410486,-0.5333702,-0.2083698,-1.4327104,-1.0480942,-0.3932098,-0.3021654, 0.7917574,-1.0391943,-0.4206262,-0.5242147,-0.8050191,-0.7233064,-1.5218746,-1.2776645,-0.8020980,-0.7405786, 0.2697016,-0.8712219,-0.8328894,-0.7445328,-0.2429235,-2.3429159,-1.8405032,-0.5666502,-0.3383758, 1.3090526,-1.2433555,-0.6453350,-0.6490931,-1.2772968,-1.7182311,-2.0369876,-2.1331831,-1.0601193,-0.5254782,-2.1309325,-1.0856990,-1.5857542,-1.4822030,-1.4981367,-0.4057047,-0.9105234,-1.5271364,-1.1330906,-0.6419068,-0.5418329, 1.2420521,-1.1721350,-0.6925302,-0.7726044,-0.4205860, 1.4553529,-1.1729911,-0.5943462,-0.7044704, 1.3860334,-1.4941201, 1.4159923,-0.0661531,-0.3223524,-1.0937067,-0.6568892,-0.7303124,-0.7658210,-0.6332847
 1.5237373,-0.0822021,-0.0035139, 0.1224688,-0.8867642,-1.8520464,-0.4303181, 0.1325971,-0.8891651,-1.7189807, 0.7084941, 0.9585031, 1.8278669, 0.8855426, 1.0992264, 1.5103055, 0.2984888,-0.6054205, 1.0457220, 1.3867094,-0.3340607,-2.5318568, 1.7799440, 2.3192315,-0.3376537,-0.0618895,-0.0806708,-0.5799733,-1.0163457,-0.2553802,-0.0526370,-0.6587652,-1.5138617, 0.1558132, 0.6537165,-0.2287889, 0.0020742,-0.5783847,-1.0964964,-0.1878178, 0.0554445,-0.7077960,-1.5383344, 0.3268303, 0.7629363, 0.1138783,-0.8924266,-1.8342152,-0.4098574, 0.1176199,-0.8928937,-1.7189678, 0.6597492, 0.9845368,-0.8681767,-1.3847079,-0.9116367,-0.7735995,-0.8310665,-1.2927116,-0.5807305,-0.0044033,-1.5857542,-1.4606349,-1.4315307,-1.0943340,-1.0660807,-1.3101254,-0.5664865,-0.5188429,-0.2740259,-0.9694437,-1.6241799, 0.0066310, 0.9409222, 0.0311786,-0.8962543,-1.7379604, 0.3549831, 1.2880795,-0.8727910,-0.6768073,-0.8326187,-0.4517207, 0.4512350,-1.9256904,-2.0198438, 0.6595906, 1.6679663, 0.7067019
 1.5237373, 0.0344904, 0.7098040, 0.2994165,-2.3116703,-1.8520464,-0.7118800,-0.1893058, 1.2894590,-1.7740511,-0.6933022,-0.0270668, 1.8278669, 1.0241611, 1.9018989, 1.5218105,-1.5027962,-0.6054205, 0.8444953, 1.1871585, 2.4216341,-2.6265536, 0.8200831, 0.9712770,-0.2271281, 0.4650595, 0.0421788,-1.4327104,-0.9845973,-0.2703256,-0.0570788, 1.0518009,-1.6466357,-0.2610104, 0.0239315, 0.5779333, 0.7274549,-1.5218746,-0.9153284, 0.2182318, 0.5520058, 1.6356849,-1.9939234, 0.2365756, 0.3696835, 0.2932116,-2.3429159,-1.8310712,-0.6629790,-0.1664013, 1.3376004,-1.7790189,-0.6457369,-0.0118123,-1.2772968,-1.7182311,-2.0369876,-2.1331831,-1.0601193,-0.5254782,-2.1309325,-1.0856990,-1.5857542,-1.5037712,-1.4781549,-0.4057047,-1.0843816,-1.5332209,-0.9151659,-0.7604129,-0.5569935, 1.1381577,-1.5833735,-0.7709902,-0.2061299,-0.2896803, 1.5467448,-1.7023533,-0.5576449, 0.0063757, 1.3860334,-2.2032302, 1.3840680, 0.5347940, 0.5641338,-1.5332295,-1.3594620,-0.7629644,-0.1868405,-0.2706102
 1.5237373, 0.1511828, 1.4231219,-0.7622701,-0.4117955,-1.8520464,-0.5007086,-0.5878524, 1.2894590,-1.0030666,-0.8589690, 0.3425219, 1.8278669, 1.1627796, 2.7045714, 1.4527810, 0.8989171,-0.6054205, 0.9954153, 0.9400956, 2.4216341,-1.3007983, 0.7066450, 1.4767599,-0.1094718, 1.0474768, 0.1177475,-0.1441298,-0.9528488,-0.1009447,-0.1041850, 1.1818226,-0.9396137,-0.2421763, 0.3913061, 1.6151476, 1.3708575, 0.5747698,-0.7341604, 0.9053927, 0.9092342, 2.3186766,-1.2617268, 0.6528090, 1.2545023,-0.7734642,-0.4425063,-1.8499352,-0.5381424,-0.6195851, 1.2805047,-0.9901049,-0.8692554, 0.3259553,-0.5499721,-1.2735335,-0.5638010,-0.5843655, 0.5506600,-0.9943431,-0.7112661,-0.0044033,-1.5857542,-1.4714190,-1.5358802,-0.4057047,-0.8281696,-1.5595867,-0.7844112,-0.5809446,-0.6167310, 1.2939993,-0.9658356,-0.7551442, 0.2592724,-0.6570394, 1.2827236,-0.9080801,-0.7984938, 0.2394219, 1.3860334,-1.1582259, 1.2457293, 0.8953622,-0.5971113,-0.8502940,-0.8641757,-0.9004745, 0.0847299, 0.0386174
 1.5237373, 0.5012601,-1.4301497,-0.5853223,-0.8867642,-0.2691351,-0.8526609,-0.6951534, 1.2894590,-0.9204611,-1.0628667,-0.6430479, 1.8278669, 1.5786352,-0.5061186, 1.4642859, 0.2984888, 1.0462082, 0.7438820, 0.8735786, 2.4216341,-1.1587531, 0.5670289, 0.1288055, 0.2862812,-0.7552435, 0.4689197,-0.2957276, 0.2452377, 0.0020123, 0.1267174, 1.5718878,-0.9495718,-0.0929937,-0.2792983,-1.1507572,-1.4387503,-1.2073780,-1.1441723,-1.3955552,-1.3993484,-0.4132900,-0.5213946,-1.4402504,-0.9739303,-0.5972389,-0.9125722,-0.2959649,-0.8521880,-0.7042159, 1.2900207,-0.9104844,-1.0469761,-0.6551790,-0.8681767,-0.8054308,-1.0344022,-1.0010548, 0.1479651,-0.8291748,-1.1293310,-0.7072455,-0.4899187,-0.6075589,-0.5149764, 1.0701597,-1.1026824,-0.6980894,-0.6031896,-0.8743610,-0.8230036, 1.0342633,-0.8493105,-0.9861084,-0.8384188,-0.7502927, 1.2116410,-0.8235328,-0.9347782,-0.7804441, 1.3860334,-1.0462611, 1.0754663,-0.0661531,-0.6679611,-0.7576130,-0.5028001,-1.0608352,-0.8589308,-0.6332847
 1.5237373, 0.6179525,-0.7168318,-0.8507439, 0.0631732,-1.8520464,-0.9230514,-0.8024544, 1.2894590,-1.1682775,-1.0883539, 0.3425219, 1.8278669, 1.7172538, 0.2965539, 1.4470285, 1.4993455,-0.6054205, 0.6935753, 0.8070617, 2.4216341,-1.5848887, 0.5495769, 1.4767599, 0.4324602,-0.1450920, 0.5709576, 0.5570096,-0.8258550, 0.0485091, 0.1676274, 1.7019096,-1.2947844,-0.0284292, 0.7411866,-0.8050191,-0.7406957,-0.4735524,-1.2776645,-0.9062133,-0.8695136, 0.2697016,-0.8224088,-0.9628562,-0.2201957,-0.8613437, 0.0283991,-1.8515072,-0.9340330,-0.8218862, 1.2757467,-1.1516481,-1.0862966, 0.3226950,-0.1408520,-1.1623591,-0.4001136,-0.2954443, 0.9533548,-1.2713996,-0.4747525, 0.2659206,-1.5857542,-1.5361233,-1.5669630,-0.4057047,-0.8830721,-1.5960932,-0.7844112,-0.9296258,-0.8954525, 0.9823161,-1.0365668,-1.0239848, 0.0477259,-0.8411485, 1.1405584,-1.0192447,-0.9854260, 0.1444548, 1.3860334,-1.3821554, 1.0541835, 0.8953622,-0.4243070,-0.9430861,-1.0292711,-1.0801911,-0.0275007, 0.0386174
 1.5237373, 0.7346449,-0.0035139,-0.3199006,-0.4117955,-1.8520464,-0.7118800,-0.4652227, 1.2894590,-1.0856721,-0.8717126, 2.1904653, 1.8278669, 1.8558723, 1.0992264, 1.4815433, 0.8989171,-0.6054205, 0.8444953, 1.0161149, 2.4216341,-1.4428435, 0.6979190, 4.0041745, 0.5857699, 0.5205278, 0.7117902, 0.2348644,-0.7941065, 0.2378171, 0.4181637, 1.8319313,-1.2317167, 0.1623510, 2.7529998,-0.2287889,-0.0165571,-0.2638880,-1.0964964,-0.3127562,-0.1878682, 0.9526933,-0.9769836,-0.3841643, 1.7460682,-0.3317355,-0.4257182,-1.8420752,-0.7040165,-0.4726153, 1.3042946,-1.0775435,-0.8530832, 2.2038908,-0.5499721,-1.2735335,-0.6456447,-0.5394361, 0.5506600,-1.0582792,-0.7165285, 1.0768924,-1.5857542,-1.5037712,-1.5181186,-0.4057047,-0.8556208,-1.5616148,-0.1306373,-0.7604129,-0.6669647, 1.1381577,-1.0052819,-0.8483071, 1.9516443,-0.5475286, 1.3639609,-0.9985261,-0.7572170, 2.2186563, 1.3860334,-1.2701906, 1.2350879, 2.6982033,-0.5158933,-0.9155870,-1.6346211,-0.9107842, 1.7543330, 2.6155148
 1.5237373, 0.8513373, 0.7098040,-0.5853223,-0.4117955,-0.0293000,-0.9934419,-0.9557415,-1.1257383,-0.6726446,-0.1453273,-0.2734592, 1.8278669, 1.9944909, 1.9018989, 1.4642859, 0.8989171, 1.2964549, 0.6432687, 0.7120375,-0.6332971,-0.7326174, 1.1953015, 0.6342884, 0.7462103, 1.2416159, 0.8132219, 0.3106633, 0.6980709, 0.1697327, 0.2662444,-0.7247123,-0.7006204, 0.6439762, 0.2455225, 0.5779333, 0.6777713, 0.1554409, 0.5340159, 0.0516473, 0.1360866,-0.8187139,-0.6922405, 0.5653150, 0.1075149,-0.5972389,-0.4357910,-0.0609912,-0.9827721,-0.9428516,-1.1379334,-0.6652918,-0.1967551,-0.2848084,-0.5499721,-0.3841383,-0.7547696,-0.7191538,-0.8964641,-0.7385986,-0.4165743,-0.3648352,-0.2350189,-0.5332057,-0.4711696,-0.9964440,-0.9013730,-0.1245645,-0.1306373,-0.9837512,-0.9831154,-1.2630908,-0.6402907,-0.6746268,-0.5399032,-0.9667836,-1.2579434,-0.5955984,-0.6305876,-0.4926788,-0.9328332,-0.3750698,-1.2728724,-0.7853665,-0.8183009,-0.6274155,-0.4422651,-0.2620264,-0.2431867,-0.4385858
 1.5237373, 1.3181070,-1.4301497,-0.1429529,-0.8867642,-0.2211681,-0.7118800,-0.6185098,-1.3391918,-0.7827853, 0.8359301, 0.9585031, 1.8278669, 2.5489650,-0.5061186, 1.4930482, 0.2984888, 1.0962575, 0.8444953, 0.9210907,-0.9032899,-0.9220110, 1.8672041, 2.3192315, 1.4592786,-0.5611044, 1.2995691, 0.1022164, 0.8985875, 0.6612694, 0.8041210,-0.9506120,-0.9462524, 1.6750769, 2.0532387,-1.1507572,-1.4325399,-1.2073780,-1.1346371,-1.3747322,-1.3889504,-1.0811193,-0.4807170,-1.1554703,-0.5479064,-0.1539562,-0.8999812,-0.2270448,-0.6922915,-0.6001986,-1.3519862,-0.7776238, 0.7543776, 0.9714956,-0.8681767,-0.7878769,-0.9934804,-0.9799942,-1.0332998,-0.7492546,-0.5412628,-0.0044033,-0.4408096,-0.5195837,-0.4526030,-1.2028235,-0.9842084, 0.1719592, 0.9933951,-0.7604129,-0.7280599,-1.4523344,-0.7509216,-0.1082736, 0.7528809,-0.6839278,-1.4559873,-0.7113802,-0.0085437, 0.8448998,-0.9558647,-0.3487506,-1.5299413,-0.8541148,-0.7630035,-0.8256346,-0.7724560, 0.8118856, 1.7511001, 0.7067019
 1.5237373, 1.4347994,-0.7168318,-0.4968484,-0.8867642,-1.6601783,-0.7118800,-0.6185098, 1.2894590,-1.3885588,-0.6678150,-0.6430479, 1.8278669, 2.6875835, 0.2965539, 1.4700384, 0.2984888,-0.4052231, 0.8444953, 0.9210907, 2.4216341,-1.9636759, 0.8375352, 0.1288055, 1.6553725, 0.2431862, 1.3927166, 0.1590656,-0.4164670, 0.7459599, 0.8960938, 2.6120618,-1.9918484, 0.7905843, 0.0472569,-0.8050191,-0.7307589,-0.8928813,-1.2013832,-0.8437442,-0.8196032, 0.2697016,-0.9525770,-0.8367120,-0.7445328,-0.5088932,-0.9100540,-1.6569093,-0.7157414,-0.6272628, 1.2947787,-1.3753528,-0.6749882,-0.6536576,-0.8681767,-1.3144925,-0.9934804,-0.9799942, 0.1479651,-1.1009032,-1.0069812,-0.7072455,-1.5071796,-1.3879844,-1.4123538,-0.2268120,-1.0256262,-1.4075710,-1.0688602,-0.7604129,-0.7280599, 1.1381577,-1.2596422,-0.7599449,-0.8055116,-0.6839278, 1.2624143,-1.2416522,-0.7199431,-0.7646162, 1.3860334,-1.6807280, 1.4053508,-0.0661531,-0.1293876,-1.2096598,-0.7210930,-0.7412347,-0.7687307,-0.6332847
 1.5237373, 1.5514919,-0.0035139,-0.8507439,-0.8867642, 0.1625680,-0.7822705,-0.8484405, 0.5926434, 0.0983399,-0.9736615,-1.0126366, 1.8278669, 2.8262021, 1.0992264, 1.4470285, 0.2984888, 1.4966523, 0.7941887, 0.7785544, 1.5402470, 0.5931379, 0.6281110,-0.3766775, 1.8585969, 1.1029451, 1.4842477, 0.2159147, 1.4633758, 0.7824930, 0.8419329, 1.7647361, 0.5474560, 0.6652154,-0.4192505,-0.2287889,-0.0389147,-0.5783847, 0.1049337,-0.3439908,-0.3438379, 0.4215990, 0.0724983,-0.4300350,-0.8100749,-0.8613437,-0.9201269, 0.1118469,-0.8041386,-0.8637760, 0.5789505, 0.0949397,-0.9805803,-1.0281579,-0.8681767,-0.6474461,-1.0139413,-1.0431762,-0.1651703,-0.2377657,-1.1017036,-0.8694399,-0.0142616,-0.3226327,-0.3035898, 0.7655413,-0.0980617,-0.4087058,-0.8784628,-0.8179567,-0.8507027, 0.4129749,-0.0191257,-0.9207271,-1.1745427,-0.8793527, 0.4289686, 0.0361538,-0.9507726,-1.1631765, 0.3288119, 0.1605098, 0.4306634,-0.5513337,-0.6892736, 0.0345419,-0.1267494,-0.9918834,-1.1637546,-0.7592663
 1.5237373, 1.6681843, 0.7098040,-1.7354828,-0.4117955, 1.3137762,-1.5565657,-1.3236307, 1.2894590,-0.1770117,-1.4706620,-0.2734592, 1.8278669, 2.9648206, 1.9018989, 1.3895040, 0.8989171, 2.6978368, 0.2408153, 0.4839794, 2.4216341, 0.1196538, 0.2877967, 0.6342884, 2.0689521, 2.0181724, 1.5377923, 0.8412553, 2.7684045, 0.3175258, 0.6164427, 2.8721053, 0.0794274, 0.3880218, 0.6537165, 0.5779333, 0.6131826, 0.1554409, 1.6019539,-0.2815216,-0.0635546, 1.6356849,-0.1064831,-0.2297757, 0.1075149,-1.7315920,-0.4794400, 1.1634369,-1.5633886,-1.3529293, 1.2281670,-0.1798948,-1.4847916,-0.3130644,-0.5499721, 0.2712056,-0.9730195,-0.8539421, 0.5506600,-0.3549819,-0.9638592,-0.3648352, 1.6245807,-0.1722234, 0.1142368, 2.5460241,-0.2993711,-0.0944863, 0.5116669,-1.3757327,-1.3365354, 0.5147914,-0.2857279,-1.3960590,-0.7279445,-1.2483455, 0.7953000,-0.2135067,-1.3244095,-0.6012126, 1.3860334,-0.0385784, 0.7349404, 0.2944152,-0.8390374,-0.2085193,-0.1120742,-1.3521527,-0.6754823,-0.4385858
